{
    "loss": 2.6921751499176025,
    "accuracy": 0.8534482717514038
}